yy_djk_kj_bstj,宝树推荐开讲课程
yy_djk_kj_kjl,旧版孕育开讲模块
yy_djk_kj_xfk,旧版孕育开讲悬浮框
yy_djk_kj_gjlkj,新版孕育工具栏开讲
yy_djk_kj_wntj,新版孕育首页为你推荐
yy_djk_kj_jkqz,大健康交流圈
yy_djk_kj_qzkj,热门圈子开讲广告
yy_djk_kj_sslb,孕育搜索列表页
yy_djk_kj_ss,孕育搜索频道
yy_djk_kj_tanchuang,孕育开讲弹窗
yy_djk_kj_push,孕育开讲push
yy_djk_kj_qiandao,孕育签到头图
yy_djk_kj_wdtj,孕育问答推荐
yy_djk_kj_cnxh,孕育知识猜你喜欢
yy_djk_kj_jdt,孕育首页头图轮播
yy_djk_kj_dctl,孕育大促通栏
yy_djk_kj_zbtl,孕育中部通栏
yy_djk_kj_mfsy,孕育更多频道—免费试用
yy_djk_kj_gdrm,孕育更多频道—热门活动
yy_djk_kj_kjp,孕育开机屏
yy_djk_zjd_wzj,孕育问专家模块
yy_djk_zjd_zjjd,孕育问答详情页专家答
yy_djk_zjd_zhuanjiada,孕育新版专家答工具
yy_djk_kj_sx,私信
yy_djk_kj_wb,微博
yy_djk_kj_wx,微信
yy_djk_kj_qzzd,圈子置顶
yy_djk_kwys_gjlkwys,快问医生新版孕育工具icon
yy_djk_kwys_wntj,快问医生新版孕育问你推荐
yy_djk_kwys_wdtj,快问医生孕育问答推荐
yy_djk_kwys_gjlkj,新版孕育工具栏快问医生
yy_djk_kj_nrqr,孕育内容嵌入
yy_djk_kj_hdzt,孕育互动主题
yy_djk_kj_zsyd,孕育知识引导
yy_djk_kj_qbtz_tjy,圈子全部帖子贴间页
yy_djk_kj_zsxq_dzxf,知识详情页中部横幅
